VesselAISKey,AISTrajectPositionTimeStamp,AISTrajectPositionLongitude,AISTrajectPositionLatitude,AISTrajectPositionNorthing,AISTrajectPositionEasting,AISTrajectPositionCourseOverGround,AISTrajectPositionSpeedOverGround
290201,2018-05-01 00:00:06.787,4.25441646575928,51.3469276428223,5689152.60543901,587362.330408131,313,0.1
290201,2018-05-01 03:19:10.497,4.22591161727905,51.475658416748,5703434.68075189,585137.757412232,354,7.3
290201,2018-05-01 03:23:50.770,4.22415494918823,51.4847068786621,5704438.8946849,584998.940180701,351,6.9
290201,2018-05-01 09:06:25.463,4.54348659515381,51.9042205810547,5751511.13435514,606184.132391618,250,9.6
290201,2018-05-01 03:28:32.770,4.22234487533569,51.493724822998,5705439.65764149,584856.518396584,353,7
290201,2018-05-01 09:10:16.480,4.52746820449829,51.900634765625,5751089.10454649,605090.578370055,262,9.4
290201,2018-05-01 11:59:37.617,4.38750982284546,51.9042587280273,5751299.34525657,595454.159393063,NULL,0
290201,2018-05-01 09:15:52.217,4.5170464515686,51.9102592468262,5752144.46613213,604351.287665626,343,9.4
290201,2018-05-01 03:33:14.647,4.22014999389648,51.5026741027832,5706432.34419314,584687.563774029,351,6.8
290201,2018-05-01 00:30:08.547,4.25416326522827,51.3470611572266,5689167.15134651,587344.443330802,220.3,0.1
290201,2018-05-01 03:37:59.510,4.21992349624634,51.5117607116699,5707442.58408355,584655.00139304,6,7
290201,2018-05-01 09:19:54.797,4.50576496124268,51.9178810119629,5752975.98446023,603557.786396189,289,9.6
290201,2018-05-01 03:42:35.667,4.22408676147461,51.5204048156738,5708408.70064936,584927.817134033,16,7
290201,2018-05-01 03:47:10.357,4.22866821289063,51.5289916992188,5709368.95796562,585229.635767004,17,7.2
290201,2018-05-01 03:51:41.513,4.23323678970337,51.5375823974609,5710329.64496303,585530.432707438,18,7.2
290201,2018-05-01 03:56:14.750,4.23660326004028,51.5465469360352,5711330.51681821,585747.052684252,7,7.3
290201,2018-05-01 09:24:22.860,4.48951482772827,51.9140815734863,5752530.44229039,602448.904960741,220,9.4
290201,2018-05-01 04:00:44.707,4.23487329483032,51.5554847717285,5712322.45354082,585610.319825553,346,7.3
290201,2018-05-01 09:28:02.410,4.48032331466675,51.9060897827148,5751628.75872839,601834.82285837,221,9.7
290201,2018-05-01 09:31:27.347,4.4683051109314,51.9009437561035,5751039.71174819,601019.650877023,248,9.4
290201,2018-05-01 04:05:14.630,4.2286901473999,51.5636215209961,5713220.11208654,585166.473106951,325,7.1
290201,2018-05-01 04:09:50.537,4.21974325180054,51.5707015991211,5713997.09945411,584533.209439357,320,7.2
290201,2018-05-01 04:15:45.993,4.20769166946411,51.5795860290527,5714971.26771467,583681.695591877,323,7.1
290201,2018-05-01 09:36:42.850,4.44695854187012,51.9009704589844,5751013.27386924,599551.018919243,284,9.1
290201,2018-05-01 12:29:37.977,4.38750648498535,51.9042663574219,5751300.18936956,595453.913600977,NULL,0
290201,2018-05-01 04:20:26.837,4.19864654541016,51.5867233276367,5715754.68981327,583041.961970509,326,7.2
290201,2018-05-01 04:25:03.887,4.19228172302246,51.5948677062988,5716653.21305874,582586.251989801,344,7
290201,2018-05-01 09:40:24.197,4.43236351013184,51.9031639099121,5751237.35499103,598542.127845664,279,9
290201,2018-05-01 04:29:46.623,4.19059991836548,51.6040916442871,5717677.10650668,582453.054193729,6,7.1
290201,2018-05-01 09:44:13.977,4.4178466796875,51.9023132324219,5751123.19668575,597545.306840355,254,8.3
290201,2018-05-01 01:00:08.637,4.25586986541748,51.3490257263184,5689387.65379311,587459.552637659,55,5.7
290201,2018-05-01 09:48:25.543,4.40339994430542,51.8992614746094,5750764.54150571,596557.988167147,248,7.9
290201,2018-05-01 04:34:16.110,4.19405174255371,51.6128273010254,5718652.49724932,582676.225948747,17,7
290201,2018-05-01 04:38:46.937,4.20122814178467,51.6206321716309,5719528.61893441,583158.837109563,37,7.2
290201,2018-05-01 04:43:22.033,4.21243810653687,51.626594543457,5720204.50970331,583923.854722637,62,7.2
290201,2018-05-01 09:56:12.810,4.39034986495972,51.9045104980469,5751331.07336999,595648.997012562,276,4
290201,2018-05-01 04:47:56.817,4.22579479217529,51.6303596496582,5720638.65127045,584841.335974486,66,7.2
290201,2018-05-01 01:05:49.437,4.27014017105103,51.3476142883301,5689247.80619346,588456.027852177,119,5.3
290201,2018-05-01 04:52:24.380,4.23916006088257,51.6339263916016,5721050.91115513,585759.630819091,66,7.3
290201,2018-05-01 01:14:19.457,4.28420352935791,51.3440208435059,5688865.25159035,589442.398462289,95,1.7
290201,2018-05-01 04:56:56.603,4.25264167785645,51.6377220153809,5721488.93154155,586685.393985982,65.5,7.3
290201,2018-05-01 05:01:26.557,4.2661452293396,51.6413536071777,5721908.90771939,587612.833738682,62,7.4
290201,2018-05-01 05:05:56.760,4.27928352355957,51.6455841064453,5722395.21765061,588513.684779557,63,7.3
290201,2018-05-01 05:10:25.030,4.29248809814453,51.6496658325195,5722865.22642954,589419.243081163,63,7.5
290201,2018-05-01 01:39:51.620,4.29844999313354,51.3453903198242,5689035.00882204,590431.905715467,41,6
290201,2018-05-01 05:14:46.250,4.30604648590088,51.6533584594727,5723292.56559264,590349.884365134,67,7.7
290201,2018-05-01 01:44:59.280,4.30143690109253,51.3543128967285,5690030.92298494,590622.319727987,1,6.8
290201,2018-05-01 05:19:05.750,4.31974840164185,51.6564788818359,5723656.6228814,591291.449218453,73,7.5
290201,2018-05-01 01:49:44.343,4.30101156234741,51.3633728027344,5691037.89854202,590574.831568029,0,7
290201,2018-05-01 05:23:46.707,4.33509492874146,51.6576118469238,5723801.91139052,592350.67332784,86,7.3
290201,2018-05-01 01:55:15.610,4.29836320877075,51.3722610473633,5692023.04434024,590372.963605213,312,5.1
290201,2018-05-01 05:28:16.897,4.34977006912231,51.6590003967285,5723974.98763184,593362.879885308,78,7.5
290201,2018-05-01 02:00:51.583,4.28424501419067,51.3741111755371,5692211.48298369,589386.695457498,274,6.5
290201,2018-05-01 05:32:56.163,4.36416339874268,51.6626663208008,5724401.16828378,594350.801057467,61,7.5
290201,2018-05-01 13:00:27.940,4.38706159591675,51.9043731689453,5751311.48494192,595423.0823914,NULL,0
290201,2018-05-01 10:27:33.730,4.38726663589478,51.9043350219727,5751307.5112934,595437.268342026,NULL,0
290201,2018-05-01 05:37:25.727,4.37696981430054,51.6676712036133,5724974.37831129,595226.008768951,44,7.7
290201,2018-05-01 05:41:55.493,4.38551998138428,51.6755485534668,5725861.59481462,595800.657930304,27,7.6
290201,2018-05-01 02:05:47.287,4.26987314224243,51.3754272460938,5692340.41578166,588383.878545439,288,6.7
290201,2018-05-01 05:46:45.510,4.39554834365845,51.6826362609863,5726663.01687534,596478.964266224,52,6.6
290201,2018-05-01 02:10:39.600,4.25713014602661,51.3797492980957,5692805.76790111,587488.749979482,307,6.8
290201,2018-05-01 05:53:15.857,4.40733003616333,51.6885528564453,5727336.62983466,597280.751514448,47,2.9
290201,2018-05-01 02:15:33.603,4.24753189086914,51.386531829834,5693548.61276284,586807.958309772,324,6.5
290201,2018-05-01 02:20:34.293,4.24204349517822,51.394847869873,5694466.91812107,586410.40046708,348,6.5
290201,2018-05-01 02:25:28.390,4.23981666564941,51.4037857055664,5695458.23366014,586238.67151601,354,6.9
290201,2018-05-01 02:30:10.347,4.23784351348877,51.4126930236816,5696446.45992037,586084.699286688,351,7
290201,2018-05-01 13:35:18.730,4.38706493377686,51.9043807983398,5751312.33780741,595423.295840705,NULL,0
290201,2018-05-01 06:14:46.927,4.41845989227295,51.6944389343262,5728006.10394452,598037.340547129,50,6.7
290201,2018-05-01 02:34:56.510,4.23615980148315,51.4216728210449,5697443.09121746,585950.766565652,353,6.7
290201,2018-05-01 06:19:18.133,4.4308500289917,51.6990814208984,5728539.10223155,598883.528204886,75,7.5
290201,2018-05-01 02:39:46.313,4.23442506790161,51.4306755065918,5698442.21250775,585813.287976916,353,6.9
290201,2018-05-01 06:24:25.120,4.44699478149414,51.6983680725098,5728481.76463836,600000.781768452,103,7
290201,2018-05-01 02:44:32.660,4.23192977905273,51.439624786377,5699434.51022214,585623.09534354,350,6.5
290201,2018-05-01 06:29:43.480,4.4635648727417,51.6959762573242,5728238.60329187,601151.20491842,102,7.4
290201,2018-05-01 10:57:50.867,4.38752841949463,51.9043083190918,5751304.88482694,595455.333565177,13,0.2
290201,2018-05-01 06:35:26.920,4.48198318481445,51.6936225891113,5728002.53683664,602429.396588277,98,7.3
290201,2018-05-01 03:03:43.417,4.22985982894897,51.448558807373,5700425.61497146,585462.552493734,353,2.4
290201,2018-05-01 03:09:55.270,4.22900819778442,51.457576751709,5701427.47798784,585386.548250398,356,6.9
290201,2018-05-01 06:39:56.890,4.49660348892212,51.6930847167969,5727963.33576341,603441.073459678,91,7.3
290201,2018-05-01 03:14:37.307,4.22765827178955,51.466625213623,5702432.15675589,585275.896784908,351,7
290201,2018-05-01 14:05:21.867,4.38706159591675,51.9043731689453,5751311.48494192,595423.0823914,338,0.1
290201,2018-05-01 06:45:14.177,4.51381826400757,51.6937599182129,5728062.95622089,604629.290201465,79,7.3
290201,2018-05-02 02:14:50.370,4.2595100402832,51.3444938659668,5688888.03673376,587721.700722047,NULL,0
290201,2018-05-01 11:28:40.817,4.38750648498535,51.9042587280273,5751299.34087965,595453.929774642,5,0.1
290201,2018-05-01 06:50:15.847,4.52962350845337,51.6954116821289,5728269.41631761,605717.779135932,80,7
290201,2018-05-01 19:59:29.423,4.23589515686035,51.5481452941895,5711507.43791462,585694.950879743,177,9.7
290201,2018-05-01 20:03:51.800,4.23220682144165,51.5367889404297,5710240.20245159,585460.488460881,200,9.1
290201,2018-05-01 06:56:24.257,4.54822826385498,51.6983909606934,5728627.84206441,606996.521498765,73,7.1
290201,2018-05-02 02:45:00.570,4.25949811935425,51.3444557189941,5688883.78036484,587720.943322196,NULL,0
290201,2018-05-01 20:07:20.443,4.2273964881897,51.5278358459473,5709238.93718921,585143.578622998,198,9.8
290201,2018-05-01 07:01:45.837,4.56426668167114,51.7018127441406,5729032.0006764,608096.702282417,68,7.1
290201,2018-05-01 20:10:40.740,4.22246980667114,51.5193061828613,5708284.64862875,584817.676703018,201,9.8
290201,2018-05-01 20:14:03.257,4.21912145614624,51.5104751586914,5707298.69308375,584601.728122598,184,9.7
290201,2018-05-02 03:15:02.097,4.25940322875977,51.3445281982422,5688891.72692146,587714.196285421,NULL,0
290201,2018-05-01 07:11:35.497,4.59377813339233,51.7084465026855,5729813.83933667,610119.824324631,67,6.9
290201,2018-05-01 20:17:24.557,4.21971845626831,51.50146484375,5706297.36607851,584659.853695282,178,9.8
290201,2018-05-01 20:20:50.637,4.22152328491211,51.4922256469727,5705271.98597988,584802.266477685,172,9.8
290201,2018-05-01 07:16:37.250,4.60847520828247,51.7119216918945,5730222.58231597,611126.718567135,67,7
290201,2018-05-01 20:24:11.057,4.22296476364136,51.4831848144531,5704268.24892592,584919.130003628,173,9.7
290201,2018-05-01 14:35:31.923,4.38705825805664,51.9043731689453,5751311.48056641,595422.852773553,30,0.1
290201,2018-05-01 20:27:40.527,4.22480344772339,51.4738655090332,5703234.00871487,585064.134264455,172.2,9.7
290201,2018-05-01 20:31:00.780,4.22665309906006,51.464916229248,5702240.93580195,585209.260884248,173,9.8
290201,2018-05-01 07:28:46.660,4.62904500961304,51.7316398620605,5732446.90465352,612498.806130286,14,7.8
290201,2018-05-01 20:35:51.593,4.22823143005371,51.4557456970215,5701222.94699102,585335.997993045,174,5.6
290201,2018-05-02 03:45:05.967,4.25945854187012,51.3448600769043,5688928.69945551,587717.414931606,338,0.1
290201,2018-05-01 07:54:56.950,4.6247935295105,51.7912368774414,5739068.01619181,612057.564174303,344,8.7
290201,2018-05-01 14:57:02.197,4.39789152145386,51.8983421325684,5750655.00677238,596180.973973202,115,6.9
290201,2018-05-01 15:00:49.857,4.4150218963623,51.9006729125977,5750936.990512,597354.522402396,75,11.5
290201,2018-05-01 15:04:44.593,4.43465185165405,51.9012145996094,5751023.66716525,598703.823460254,103,11.1
290201,2018-05-01 15:08:18.907,4.45212173461914,51.8989868164063,5750799.74155644,599910.630269809,100,11.2
290201,2018-05-02 04:15:14.760,4.25418186187744,51.346866607666,5689145.5386868,587346.108319015,NULL,0
290201,2018-05-01 15:11:24.687,4.46751689910889,51.8994789123535,5750875.70961877,600968.708863192,70,11.2
290201,2018-05-01 20:52:51.847,4.23018503189087,51.4467887878418,5700229.15650315,585488.455580226,173,5.2
290201,2018-05-01 15:16:18.737,4.48621845245361,51.9091148376465,5751973.44551789,602233.471715949,47,9
290201,2018-05-01 20:57:10.180,4.23201179504395,51.4370803833008,5699151.65204836,585633.553777545,171,9.2
290201,2018-05-01 15:20:35.863,4.50264835357666,51.9178123474121,5752963.91802163,603343.61358795,96,11.3
290201,2018-05-01 21:00:50.793,4.23406505584717,51.4279251098633,5698135.92959787,585793.413343111,170,8.7
290201,2018-05-01 15:24:59.710,4.51610517501831,51.9070281982422,5751783.78619536,604294.029806694,168,12
290201,2018-05-01 15:28:09.647,4.52604484558105,51.9001083374023,5751028.50575794,604993.883449076,98,11.2
290201,2018-05-01 21:04:30.440,4.2361102104187,51.4187164306641,5697114.26447057,585952.864276493,175,9.1
290201,2018-05-01 15:31:39.117,4.54433155059814,51.9033317565918,5751413.51985303,606244.354986965,71,9.5
290201,2018-05-01 15:35:27.307,4.56371355056763,51.9043464660645,5751554.83367328,607575.262982875,97,11.3
290201,2018-05-01 21:08:11.067,4.23782014846802,51.4095153808594,5696093.05985254,586089.042640297,175,9
290201,2018-05-01 21:11:50.087,4.2396068572998,51.4003982543945,5695081.28290038,586230.448885239,171,9.2
290201,2018-05-01 21:15:30.093,4.24295330047607,51.3913269042969,5694076.44008969,586480.333247092,158,9.2
290201,2018-05-01 21:19:22.627,4.25076484680176,51.3829345703125,5693152.41120614,587039.736123149,139,9
290201,2018-05-02 04:45:25.727,4.25418186187744,51.3468551635742,5689144.26605141,587346.130077566,NULL,0
290201,2018-05-01 21:23:03.820,4.26216506958008,51.3769645690918,5692502.11144924,587844.468802327,120,9.2
290201,2018-05-01 08:21:35.463,4.67167329788208,51.8337516784668,5743869.10762386,615182.067347901,20,8.6
290201,2018-05-01 21:26:41.997,4.27600145339966,51.3738746643066,5692175.16543894,588813.401407849,100,9.1
290201,2018-05-01 21:30:22.267,4.29088830947876,51.3731002807617,5692107.18560437,589851.047446215,94,9.2
290201,2018-05-01 08:28:05.057,4.66402673721313,51.8473815917969,5745372.8126452,614620.612997077,316,8.8
290201,2018-05-01 21:35:06.723,4.30031156539917,51.3661651611328,5691347.55701038,590520.594679522,179,8.4
290201,2018-05-01 15:56:16.067,4.64114665985107,51.8668594360352,5747503.17741115,612995.891882601,131,10.6
290201,2018-05-01 21:38:52.540,4.30047845840454,51.3570785522461,5690337.29207039,590550.130323724,179.8,8.6
290201,2018-05-01 15:59:36.770,4.65108680725098,51.8592834472656,5746676.12644769,613699.3456651,149,10.6
290201,2018-05-02 05:15:28.520,4.25435352325439,51.3467254638672,5689130.04725784,587358.331459662,143.6,0.5
290201,2018-05-01 21:45:22.263,4.29840850830078,51.3481483459473,5689341.66165459,590423.587809009,231,3.1
290201,2018-05-01 16:21:19.153,4.6446099281311,51.807731628418,5740933.01475986,613382.770779712,222,9.9
290201,2018-05-01 16:27:23.280,4.62293004989624,51.7980918884277,5739827.48895015,611912.080415963,202,10.6
290201,2018-05-01 22:00:01.493,4.29120492935181,51.3473320007324,5689242.02566731,589923.533751028,NULL,0
290201,2018-05-01 08:48:14.580,4.61632490158081,51.8898315429688,5750019.68497396,611230.265214854,298,9.5
290201,2018-05-01 08:53:22.270,4.59491014480591,51.8952522277832,5750590.02173343,609743.454229144,303,9.9
290201,2018-05-01 09:01:19.557,4.5652117729187,51.9048690795898,5751615.16937269,607677.076858906,281.1,9.6
290201,2018-05-02 05:45:33.220,4.2539234161377,51.3471183776855,5689173.22897312,587327.631190031,NULL,0
290201,2018-05-01 16:38:32.393,4.62622022628784,51.7611312866211,5735722.22370285,612230.625529825,169,12
290201,2018-05-01 16:58:12.150,4.59423160552979,51.7095603942871,5729938.39656383,610148.448528841,248,10.4
290201,2018-05-01 16:42:02.897,4.63050174713135,51.7496719360352,5734454.45276881,612554.57805352,172,12.2
290201,2018-05-01 17:02:46.417,4.57428646087646,51.7053489685059,5729440.1413501,608780.584252711,252,10.3
290201,2018-05-01 16:49:32.913,4.6244068145752,51.7253723144531,5731742.76614114,612194.039011955,202,11.7
290201,2018-05-01 16:54:33.853,4.60987854003906,51.7134323120117,5730392.71190696,611219.960471469,244,10.3
290201,2018-05-01 17:06:47.547,4.55668830871582,51.701732635498,5729011.89625361,607573.228098447,251,10.4
290201,2018-05-01 17:10:16.217,4.54112005233765,51.6988792419434,5728671.74770429,606504.160996154,255,10.4
290201,2018-05-01 17:14:18.220,4.52299022674561,51.6961479187012,5728341.70633674,605257.645921714,261,10.3
290201,2018-05-01 17:17:45.517,4.50735330581665,51.6948318481445,5728172.9175579,604180.019477158,262.1,10.2
290201,2018-05-01 17:21:24.503,4.49085998535156,51.6945419311523,5728117.26757406,603040.809517694,274,10
290201,2018-05-01 17:25:24.507,4.47318983078003,51.6959648132324,5728250.71098189,601816.405587071,279,10
290201,2018-05-01 17:28:54.147,4.45785522460938,51.6977729797363,5728430.51863582,600752.623751536,280,10
290201,2018-05-01 22:30:09.657,4.29118824005127,51.3473358154297,5689242.42941972,589922.364032262,NULL,0
290201,2018-05-01 17:32:15.397,4.44318342208862,51.6996726989746,5728621.63651752,599734.525791152,279,9.5
290201,2018-05-02 08:16:32.970,4.29405164718628,51.3440399169922,5688879.42563135,590128.238803281,67,5
290201,2018-05-01 17:37:18.197,4.42782497406006,51.6997184753418,5728605.85510848,598673.096180205,252,4.6
290201,2018-05-02 06:15:40.193,4.25378513336182,51.3470611572266,5689166.70118893,587318.109786956,NULL,0
290201,2018-05-02 08:22:24.223,4.30141496658325,51.3517608642578,5689747.09904922,590625.82780293,1,5.7
290201,2018-05-01 23:00:10.453,4.29121351242065,51.3473281860352,5689241.61197822,589924.13894763,NULL,0
290201,2018-05-01 17:59:40.613,4.41637992858887,51.6941108703613,5727966.82904034,597894.297783577,226,2.5
290201,2018-05-02 08:28:51.317,4.30108499526978,51.3607749938965,5690749.10143718,590585.068732113,359,5.2
290201,2018-05-01 23:30:10.760,4.29251003265381,51.3448600769043,5688968.73799251,590019.265293476,230,1.5
290201,2018-05-02 08:35:18.307,4.30057668685913,51.3697776794434,5691749.61264829,590531.925584191,349,5.1
290201,2018-05-02 08:42:43.543,4.28787994384766,51.3740081787109,5692204.46636721,589639.8875534,273.5,5
290201,2018-05-02 08:49:06.497,4.27354145050049,51.3747749328613,5692272.3031738,588640.445502325,281,5.2
290201,2018-05-02 00:00:18.397,4.28366327285767,51.3442878723145,5688894.28778057,589404.252358287,280,0.1
290201,2018-05-01 18:29:51.750,4.41015148162842,51.6908264160156,5727593.23371659,597470.889133656,NULL,0
290201,2018-05-02 06:45:44.850,4.25381994247437,51.3471336364746,5689174.80264747,587320.39616931,NULL,0
290201,2018-05-02 08:55:31.720,4.26025676727295,51.3783683776855,5692655.93772777,587708.975885509,302,5.2
290201,2018-05-01 18:36:21.797,4.3980016708374,51.6843414306641,5726855.89199028,596644.932297423,234,9.6
290201,2018-05-01 18:39:50.720,4.38707494735718,51.678092956543,5726146.59699823,595902.794744858,218,9.5
290201,2018-05-01 18:43:17.753,4.37831163406372,51.6707611083984,5725319.75449608,595312.314133932,226,9.7
290201,2018-05-01 18:46:51.707,4.36490678787231,51.6662940979004,5724805.57113449,594394.674379758,243,9.6
290201,2018-05-02 00:14:21.247,4.26932144165039,51.3458404541016,5689049.56103786,588402.424634175,266,8.6
290201,2018-05-02 09:01:52.613,4.24966335296631,51.3844985961914,5693325.03215403,586960.122220397,319,5.3
290201,2018-05-01 18:50:17.773,4.35117673873901,51.6626129150391,5724378.53225422,593452.741878905,255,9.8
290201,2018-05-01 18:53:39.367,4.33692646026611,51.6606483459473,5724141.91597035,592471.176750909,257,9.7
290201,2018-05-01 18:56:50.447,4.32248163223267,51.6582870483398,5723861.12785366,591476.867347374,255,10.5
290201,2018-05-01 19:00:11.730,4.30801677703857,51.6557884216309,5723565.2396485,590481.340747459,248,9.7
290201,2018-05-01 19:03:41.763,4.29418516159058,51.6519660949707,5723123.11663557,589532.115506585,244,9.7
290201,2018-05-01 19:07:10.373,4.28081321716309,51.6476745605469,5722629.55105205,588615.444207772,242,9.7
290201,2018-05-01 19:10:41.640,4.26736164093018,51.6433219909668,5722129.27074705,587693.204497968,242,9.6
290201,2018-05-01 19:14:09.140,4.25439167022705,51.6388053894043,5721611.49115334,586804.424046305,240,9.6
290201,2018-05-01 19:17:30.987,4.2414231300354,51.6348152160645,5721152.41587907,585914.567929914,246,9.6
290201,2018-05-01 19:21:01.567,4.22770357131958,51.6308517456055,5720695.59523792,584972.524792831,247,9.7
290201,2018-05-01 19:24:30.753,4.2138934135437,51.6273918151855,5720294.84670939,584023.113370661,247,9.6
290201,2018-05-01 19:27:59.207,4.20199155807495,51.6219062805176,5719671.18162665,583209.354663274,224,9.6
290201,2018-05-02 09:08:24.317,4.24300670623779,51.392505645752,5694207.58562281,586481.826334252,340,5.1
290201,2018-05-01 19:31:30.757,4.19408655166626,51.6139678955078,5718779.38212295,582676.563633544,201,9.6
290201,2018-05-01 19:35:00.180,4.19016647338867,51.6049423217773,5717771.22140198,582421.497267027,186,9.5
290201,2018-05-01 19:38:31.697,4.19123649597168,51.5956497192383,5716739.00023233,582512.437065774,165,9.5
290201,2018-05-02 09:14:39.383,4.24022006988525,51.4013748168945,5695190.60373368,586271.266706647,350,5.2
290201,2018-05-01 19:42:01.043,4.19735145568848,51.5872077941895,5715807.09695452,582951.359074157,147,9.6
290201,2018-05-02 09:21:00.527,4.23830842971802,51.4104347229004,5696195.86971686,586121.273553913,351.7,5.4
290201,2018-05-01 19:45:31.997,4.20645523071289,51.5797538757324,5714988.51955213,583595.71688075,141,9.6
290201,2018-05-02 00:44:31.007,4.25955486297607,51.3446807861328,5688908.87669289,587724.465498583,242,0.1
290201,2018-05-01 19:49:00.077,4.21598482131958,51.5725326538086,5714196.39152637,584269.357657968,140,9.6
290201,2018-05-02 09:27:19.077,4.23644685745239,51.4194068908691,5697191.44271832,585974.976690474,353,4.6
290201,2018-05-01 19:52:29.343,4.22550344467163,51.5653495788574,5713408.58135372,584942.374675008,140,9.7
290201,2018-05-02 07:15:48.093,4.25385856628418,51.3471565246582,5689177.39389426,587323.042466164,NULL,0
290201,2018-05-01 19:55:51.953,4.23296165466309,51.5576515197754,5712561.17888381,585473.733903335,161,9.6
290201,2018-05-02 09:35:07.203,4.23451662063599,51.4283866882324,5698187.78879381,585823.940671239,348,3.5
290201,2018-05-02 09:44:04.130,4.23196315765381,51.4372673034668,5699172.38192617,585629.823712548,345,3.6
290201,2018-05-02 11:12:01.303,4.23605823516846,51.552791595459,5712024.33692362,585697.526797141,348,6.6
290201,2018-05-02 01:14:38.660,4.25960826873779,51.3447265625,5688914.03109429,587728.097520885,27,0.1
290201,2018-05-02 11:17:11.633,4.23093318939209,51.5613784790039,5712973.28058655,585326.142142062,330,6.4
290201,2018-05-02 09:55:06.727,4.23029518127441,51.4462280273438,5700166.92477472,585497.157188079,352,3.1
290201,2018-05-02 11:22:19.400,4.22234344482422,51.5686340332031,5713770.17647057,584717.250552203,321,6.3
290201,2018-05-02 07:45:50.957,4.26570844650269,51.3468589782715,5689158.47778159,588148.850742284,88,5.4
290201,2018-05-02 07:51:20.100,4.27961826324463,51.3445129394531,5688914.3943438,589122.100240735,93,4.9
290201,2018-05-02 11:27:29.607,4.21312999725342,51.575626373291,5714537.15541659,584065.813572941,319.5,6.3
290201,2018-05-02 01:44:47.377,4.25949668884277,51.3444786071777,5688886.32392297,587720.799994027,NULL,0
290201,2018-05-02 11:32:40.343,4.20378494262695,51.5824851989746,5715289.21873403,583405.697064581,321,6.3
290201,2018-05-02 10:17:21.093,4.2290735244751,51.4552192687988,5701165.38600545,585395.486027829,356,6.4
290201,2018-05-02 16:40:56.120,4.54126644134521,51.9037742614746,5751458.26218477,606032.456760158,254,6.3
290201,2018-05-02 10:22:09.720,4.22796821594238,51.4642143249512,5702164.41005338,585301.920946764,353,7
290201,2018-05-02 16:46:34.547,4.52529144287109,51.9009056091309,5751116.0852369,604940.193329921,285.8,6.4
290201,2018-05-02 11:37:52.250,4.19544839859009,51.589973449707,5716112.50680829,582814.492366238,331,6.4
290201,2018-05-02 10:26:54.597,4.22603988647461,51.4731369018555,5703154.41938289,585151.360184033,351,6.9
290201,2018-05-02 10:31:42.600,4.22407817840576,51.4821090698242,5704149.91014931,584998.439694728,352,6.7
290201,2018-05-02 16:52:02.003,4.51724147796631,51.9090995788574,5752015.77693972,604367.390500848,350,6.5
290201,2018-05-02 11:42:59.613,4.19091510772705,51.5985984802246,5717066.56842412,582484.834101158,351.3,6.4
290201,2018-05-02 10:36:39.900,4.22234010696411,51.4911270141602,5705150.75623086,584861.011029893,354,6.7
290201,2018-05-02 16:57:47.613,4.50844144821167,51.9174995422363,5752937.37223571,603742.728878813,296.1,6.6
290201,2018-05-02 13:48:22.160,4.46296167373657,51.6958389282227,5728222.49547097,601109.824255719,104,7.2
290201,2018-05-02 11:48:05.660,4.19134998321533,51.6076774597168,5718076.73092265,582498.497321336,12,6.5
290201,2018-05-02 10:41:28.260,4.22061157226563,51.5000648498535,5706142.70929053,584724.438341977,352,6.9
290201,2018-05-02 17:02:56.680,4.49362516403198,51.9165840148926,5752814.53812073,602725.887178427,233,7.1
290201,2018-05-02 13:53:01.207,4.47751331329346,51.6936950683594,5728004.33498758,602120.307682007,101,7.1
290201,2018-05-02 10:46:19.417,4.2194766998291,51.5090522766113,5707140.86808768,584629.016133041,2,6.5
290201,2018-05-02 17:08:38.697,4.48194169998169,51.907341003418,5751770.17514691,601943.316218261,214,7.8
290201,2018-05-02 11:53:07.227,4.19624328613281,51.6161804199219,5719027.87885581,582821.859955446,27,6.6
290201,2018-05-02 17:13:08.683,4.46940183639526,51.9017944335938,5751135.84003919,601093.192093087,245,7.8
290201,2018-05-02 10:51:23.547,4.22261810302734,51.5178489685059,5708122.76662406,584830.672868968,17,6.5
290201,2018-05-02 17:17:25.480,4.45485830307007,51.9003448486328,5750954.53091571,600095.886835362,276,7.6
290201,2018-05-02 13:57:44.523,4.49220323562622,51.6928672790527,5727932.92915758,603137.450359515,90.9,7.2
290201,2018-05-02 11:58:10.103,4.20514822006226,51.6232795715332,5719827.50433341,583425.352488104,47,6.4
290201,2018-05-02 10:56:28.500,4.22730827331543,51.5264282226563,5709082.29542639,585140.085032833,19,6.4
290201,2018-05-02 17:21:47.640,4.44022655487061,51.9023323059082,5751155.543633,599084.883587691,284.6,7.7
290201,2018-05-02 17:26:05.563,4.42526817321777,51.903263092041,5751238.80407044,598053.798897377,264,7.9
290201,2018-05-02 14:02:16.197,4.50674819946289,51.6928939819336,5727956.54766527,604142.648298349,87,7.1
290201,2018-05-02 11:01:44.597,4.23211002349854,51.535099029541,5710052.15740493,585456.940079592,20,6.3
290201,2018-05-02 17:30:18.753,4.4106616973877,51.9011726379395,5750986.74433056,597053.475008537,251,8
290201,2018-05-02 17:35:12.737,4.39627504348755,51.8992385864258,5750752.5697407,596067.846270461,332,4.2
290201,2018-05-02 12:03:16.137,4.21734523773193,51.6281471252441,5720382.81945294,584260.633688445,63,6.4
290201,2018-05-02 12:08:20.653,4.23074340820313,51.6317253112793,5720796.28382435,585181.275958596,66,6.6
290201,2018-05-02 12:13:13.483,4.24421310424805,51.6352348327637,5721202.36569287,586106.85070585,67,6.9
290201,2018-05-02 11:06:52.207,4.2362265586853,51.5437164306641,5711015.29950996,585726.252203838,10,6.4
290201,2018-05-02 12:17:49.437,4.25748682022095,51.6388130187988,5721616.02149544,587018.58724677,65,7.1
290201,2018-05-02 14:07:22.137,4.52295827865601,51.6938514709473,5728086.27695668,605260.766180201,80,7.2
290201,2018-05-02 14:11:55.403,4.53722667694092,51.6956558227539,5728307.60481921,606242.660647489,74,7.2
290201,2018-05-02 12:22:28.207,4.27075481414795,51.6426849365234,5722062.50247035,587929.213621831,63,7.1
290201,2018-05-02 14:16:47.670,4.55226182937622,51.6985206604004,5728648.18564019,607274.954754119,71,7.3
290201,2018-05-02 12:27:07.473,4.2837381362915,51.6469345092773,5722550.80223715,588819.24873693,60,7.1
290201,2018-05-02 12:31:46.223,4.29676151275635,51.6509590148926,5723014.28046001,589712.32953982,68,7
290201,2018-05-02 12:36:25.397,4.31040143966675,51.6541366577148,5723384.50426427,590649.587401037,74,7.1
290201,2018-05-02 12:41:01.320,4.32456827163696,51.6560249328613,5723612.17448384,591625.757790716,82,7.1
290201,2018-05-02 14:21:56.610,4.56813478469849,51.7019996643066,5729058.52302448,608363.540727318,70,7.3
290201,2018-05-02 12:45:41.603,4.33894491195679,51.6577682495117,5723824.17960252,592616.652920245,80,7.1
290201,2018-05-02 18:05:21.123,4.38748836517334,51.9042778015137,5751301.43834418,595452.642841006,NULL,0
290201,2018-05-02 14:28:38.597,4.58877992630005,51.7065849304199,5729599.28936422,609779.007533128,70,7.3
290201,2018-05-03 06:32:38.503,4.38747501373291,51.9042663574219,5751300.14810195,595451.74862766,NULL,0
290201,2018-05-02 12:50:16.153,4.35318994522095,51.6593742370605,5724020.93911143,593598.650543971,73,7
290201,2018-05-02 14:34:20.710,4.60579824447632,51.7109451293945,5730109.90878603,610944.172695041,64,7.2
290201,2018-05-02 12:54:52.310,4.36624145507813,51.6633949279785,5724484.8826493,594493.005381196,60,7.7
290201,2018-05-02 12:59:02.640,4.37797355651855,51.6689682006836,5725119.92552129,595292.699012734,41,8.1
290201,2018-05-02 13:03:05.657,4.38651990890503,51.6764488220215,5725963.0252616,595867.892911633,31,8.2
290201,2018-05-02 14:46:20.900,4.62861013412476,51.7304229736328,5732310.90733139,612471.797157077,13,8.6
290201,2018-05-02 13:07:37.287,4.39569520950317,51.68359375,5726769.6925529,596487.081623515,42,6
290201,2018-05-02 13:14:11.523,4.40656185150146,51.6899185180664,5727487.48070097,597224.727622151,50.5,2.8
290201,2018-05-02 18:35:34.637,4.38748979568481,51.9042739868164,5751301.01597502,595452.749335596,NULL,0
290201,2018-05-02 14:58:05.600,4.62862682342529,51.7584457397461,5735427.27599432,612403.371442006,343,9
290201,2018-05-02 13:33:49.233,4.41867351531982,51.695915222168,5728170.5676091,598048.913842371,51,6.5
290201,2018-05-02 13:38:43.140,4.43227005004883,51.6992683410645,5728561.81397245,598981.250765619,83,7
290201,2018-05-03 07:02:54.767,4.38748168945313,51.9042663574219,5751300.1568556,595452.207864425,NULL,0
290201,2018-05-02 15:15:23.557,4.62730169296265,51.799934387207,5740039.11105667,612208.941490519,58.2,7.5
290201,2018-05-02 13:43:49.457,4.44869995117188,51.6979751586914,5728440.40641024,600119.48624108,101,7.2
290201,2018-05-02 15:26:21.320,4.65619325637817,51.8146629333496,5741721.91656832,614163.779584003,43,8.1
290201,2018-05-02 19:05:35.273,4.3874831199646,51.9042663574219,5751300.15873139,595452.306272303,NULL,0
290201,2018-05-03 07:33:13.577,4.3871750831604,51.9043426513672,5751308.23975553,595430.954077449,333,0.1
290201,2018-05-02 20:06:29.280,4.38748502731323,51.9042739868164,5751301.00972237,595452.421309391,NULL,0
290201,2018-05-02 15:48:24.033,4.65583848953247,51.8552322387695,5746233.02338141,614036.783832649,333,7.5
290201,2018-05-02 15:53:24.037,4.64730167388916,51.8636817932129,5747159.36150871,613427.641784979,317,7
290201,2018-05-02 16:00:00.793,4.63279485702515,51.8723983764648,5748106.23572327,612407.080280678,333,6.5
290201,2018-05-02 19:36:27.550,4.38747501373291,51.9042816162109,5751301.84508179,595451.716281059,NULL,0
290201,2018-05-02 16:09:12.173,4.62145185470581,51.8874282836914,5749760.26352479,611589.015958373,326,6.2
290201,2018-05-02 20:36:44.120,4.38748168945313,51.9042701721191,5751300.58110056,595452.199777736,NULL,0
290201,2018-05-03 11:46:53.787,4.51391839981079,51.9119338989258,5752326.22738967,604132.259969096,157,7.9
290201,2018-05-02 16:20:38.760,4.59643507003784,51.89501953125,5750566.44331193,609848.943201248,304,6.8
290201,2018-05-03 08:03:17.367,4.38716983795166,51.9043388366699,5751307.8086342,595430.601334041,NULL,0
290201,2018-05-02 16:25:53.517,4.58425188064575,51.9011650085449,5751231.5733969,608995.807776409,305,6.7
290201,2018-05-03 11:51:53.040,4.51975679397583,51.9014129638672,5751164.54478316,604558.252202836,140,7.9
290201,2018-05-02 16:30:50.643,4.57073497772217,51.9046249389648,5751596.20302688,608057.603167712,286,6.7
290201,2018-05-02 16:35:56.710,4.55559158325195,51.9057426452637,5751698.13251163,607013.228650189,266,6.7
290201,2018-05-03 11:56:19.103,4.53445482254028,51.9012336730957,5751165.81925253,605569.829855187,69,8.3
290201,2018-05-03 12:01:17.217,4.55234670639038,51.9043998718262,5751544.03532664,606793.202948261,82,8.5
290201,2018-05-02 21:06:53.803,4.38748502731323,51.9042739868164,5751301.00972237,595452.421309391,NULL,0
290201,2018-05-03 12:06:29.390,4.57206678390503,51.9030876159668,5751427.21362028,608152.910967158,108,8.5
290201,2018-05-03 08:33:30.300,4.38717317581177,51.9043617248535,5751310.35847993,595430.782442666,NULL,0
290201,2018-05-03 12:10:53.720,4.58623838424683,51.8982009887695,5750904.9186845,609139.653289704,135,8.4
290201,2018-05-03 01:00:50.737,4.38747501373291,51.9042701721191,5751300.5723469,595451.74054101,NULL,0
290201,2018-05-03 12:14:49.487,4.59792184829712,51.8928375244141,5750326.0256055,609956.567087792,106,8.5
290201,2018-05-03 09:03:36.800,4.38717174530029,51.9043464660645,5751308.65962464,595430.716374558,NULL,0
290201,2018-05-02 21:37:04.470,4.3874683380127,51.9042663574219,5751300.13934833,595451.289390895,NULL,0
290201,2018-05-03 01:30:51.903,4.3874716758728,51.9042816162109,5751301.84070497,595451.486662755,NULL,0
290201,2018-05-03 12:37:47.917,4.65172004699707,51.8583793640137,5746576.57276211,613745.230036387,148,7.9
290201,2018-05-03 12:43:08.747,4.66138315200806,51.8484916687012,5745492.10679277,614435.7152791,144,7.9
290201,2018-05-03 12:47:11.030,4.67028856277466,51.8410720825195,5744681.01144626,615067.997156785,148,8.3
290201,2018-05-03 02:01:18.027,4.38747310638428,51.9042587280273,5751299.29711099,595451.633590431,NULL,0
290201,2018-05-02 22:00:00.153,4.38748502731323,51.9042778015137,5751301.43396733,595452.413222682,NULL,0
290201,2018-05-03 09:34:17.523,4.38717174530029,51.9043350219727,5751307.38688971,595430.740629227,NULL,0
290201,2018-05-03 13:02:03.583,4.6489782333374,51.8108940124512,5741291.50294993,613675.953917863,220,9.3
290201,2018-05-03 13:08:48.287,4.62585830688477,51.800163269043,5740062.34378179,612108.852762018,235,9.5
290201,2018-05-03 13:14:21.040,4.62443828582764,51.7885971069336,5738773.90557702,612039.607132242,167,8.2
290201,2018-05-02 22:30:15.117,4.38748168945313,51.9042816162109,5751301.85383544,595452.175517668,NULL,0
290201,2018-05-03 02:31:40.240,4.3874831199646,51.9042663574219,5751300.15873139,595452.306272303,NULL,0
290201,2018-05-03 13:20:30.840,4.62633991241455,51.7741661071777,5737171.98391842,612206.555574734,173,8.1
290201,2018-05-03 10:04:19.680,4.38717174530029,51.904354095459,5751309.5081146,595430.700204777,47,0.1
290201,2018-05-03 13:25:48.297,4.62617683410645,51.7624015808105,5735863.42365029,612224.481036458,172,8
290201,2018-05-03 13:29:45.267,4.62885999679565,51.7535285949707,5734880.81080989,612431.675995478,163,8.5
290201,2018-05-03 13:36:18.657,4.62996816635132,51.7383346557617,5733192.83878324,612545.919494617,183,8.2
290201,2018-05-02 23:00:32.317,4.38748168945313,51.9042816162109,5751301.85383544,595452.175517668,NULL,0
290201,2018-05-03 03:01:40.767,4.3874716758728,51.9042739868164,5751300.99221505,595451.502836017,NULL,0
290201,2018-05-03 13:41:23.487,4.62577819824219,51.7268218994141,5731906.07999646,612285.15944801,200,8.8
290201,2018-05-02 23:30:42.047,4.38747835159302,51.9042816162109,5751301.84945861,595451.945899364,NULL,0
290201,2018-05-03 13:45:00.583,4.61851978302002,51.7187271118164,5730994.73592774,611803.852367517,209.7,9.5
290201,2018-05-03 13:48:36.757,4.60743999481201,51.7123260498047,5730265.97408095,611054.211359977,250,9.8
290201,2018-05-03 13:52:06.603,4.59281158447266,51.7090454101563,5729878.98439413,610051.592385318,252.9,10
290201,2018-05-03 13:56:08.337,4.57593679428101,51.7055740356445,5729467.63138854,608894.072465725,251,10
290201,2018-05-03 03:32:00.623,4.38748168945313,51.9042854309082,5751302.2780804,595452.167430978,NULL,0
290201,2018-05-03 13:59:38.260,4.56130313873291,51.7025718688965,5729112.03655761,607890.116219232,254,10
290201,2018-05-03 10:34:30.407,4.38716983795166,51.9043502807617,5751309.08136913,595430.577079404,NULL,0
290201,2018-05-03 14:03:44.310,4.54381656646729,51.6995658874512,5728752.04577953,606688.886995775,253,9.8
290201,2018-05-03 14:07:09.577,4.52927017211914,51.6971206665039,5728458.95728984,605689.378486355,256,9.8
290201,2018-05-03 14:11:09.577,4.51201009750366,51.6956520080566,5728270.78196716,604499.965007787,263,9.7
290201,2018-05-03 00:00:48.877,4.38747501373291,51.9042816162109,5751301.84508179,595451.716281059,NULL,0
290201,2018-05-03 14:15:06.813,4.49483489990234,51.6944999694824,5728118.21909284,603315.616987036,266,9.8
290201,2018-05-03 04:02:06.527,4.38748502731323,51.9042854309082,5751302.28245725,595452.397049263,NULL,0
290201,2018-05-03 14:18:27.783,4.48036813735962,51.6954536437988,5728203.90081353,602313.64650816,276,9.7
290201,2018-05-03 14:21:53.347,4.46562147140503,51.6969146728516,5728345.8149007,601291.239922863,279,9.8
290201,2018-05-03 20:09:46.067,4.27176189422607,51.3455810546875,5689023.65840951,588572.884976033,281,9.1
290201,2018-05-03 20:13:46.067,4.25742483139038,51.3465270996094,5689111.65016965,587572.600588901,251,5.2
290201,2018-05-03 11:05:00.727,4.38760852813721,51.9045486450195,5751331.71731044,595460.334892079,76,0.5
290201,2018-05-03 04:32:14.317,4.38747835159302,51.9042816162109,5751301.84945861,595451.945899364,NULL,0
290201,2018-05-03 11:12:27.527,4.3977632522583,51.8978271484375,5750597.56436051,596173.248615376,110,6.5
290201,2018-05-03 00:30:49.643,4.38747310638428,51.9042778015137,5751301.41833579,595451.593157239,NULL,0
290201,2018-05-03 11:16:20.573,4.41203355789185,51.8997344970703,5750828.63435722,597150.956900134,74.1,8.9
290201,2018-05-03 11:19:59.810,4.42651844024658,51.9010162353516,5750990.60972217,598144.705921898,91,9
290201,2018-05-03 11:23:50.637,4.44178819656372,51.8999290466309,5750890.39772036,599197.61005623,99,8.7
290201,2018-05-03 14:25:36.833,4.44977855682373,51.6991882324219,5728576.79087567,600191.345489725,281,9.6
290201,2018-05-03 11:28:23.767,4.45931816101074,51.8986740112305,5750774.85489516,600406.439481268,88,8.6
290201,2018-05-03 14:30:32.867,4.4311466217041,51.7003784179688,5728683.74194736,598901.196244503,267,8.9
290201,2018-05-03 11:33:02.563,4.47591686248779,51.9025611877441,5751230.18022083,601539.666022409,55.7,8.5
290201,2018-05-03 05:02:14.813,4.38749313354492,51.9042778015137,5751301.44459685,595452.970867183,NULL,0
290201,2018-05-03 20:43:49.563,4.25269174575806,51.343074798584,5688722.09904402,587249.535025457,NULL,0
290201,2018-05-03 11:36:59.613,4.48624324798584,51.9092864990234,5751992.57118656,602234.787413725,26,7
290201,2018-05-03 11:41:05.800,4.49641990661621,51.9164581298828,5752804.48654028,602918.376459869,58,5.4
290201,2018-05-04 11:29:37.567,4.60047817230225,51.7099647521973,5729992.80987538,610579.023460945,66,7.4
290201,2018-05-03 15:00:35.067,4.42237663269043,51.6983108520508,5728441.96380559,598299.644383831,229,3
290201,2018-05-03 05:32:19.043,4.38749170303345,51.9042816162109,5751301.86696601,595452.864372582,NULL,0
290201,2018-05-04 11:37:43.710,4.62211513519287,51.7192115783691,5731054.1265714,612050.998524863,30,7.7
290201,2018-05-03 21:13:49.933,4.25266647338867,51.3430595397949,5688720.37214161,587247.803850045,19,0.1
290201,2018-05-04 11:44:46.650,4.63014650344849,51.735221862793,5732846.94833668,612565.967726152,14,9.2
290201,2018-05-04 11:52:05.950,4.63055324554443,51.7535667419434,5734887.66441807,612548.44990721,344,9.2
290201,2018-05-03 15:14:50.650,4.41139984130859,51.6924285888672,5727773.07748959,597553.728030478,229,2.4
290201,2018-05-03 06:02:32.617,4.3874831199646,51.9042701721191,5751300.58297635,595452.298185606,NULL,0
290201,2018-05-04 11:56:14.950,4.62690019607544,51.7640609741211,5736049.07461976,612270.281173164,355,9.5
290201,2018-05-03 21:43:53.663,4.25264978408813,51.343017578125,5688715.68596614,587246.721165891,20,0.1
290201,2018-05-03 17:01:23.800,4.23583650588989,51.5481948852539,5711512.88415368,585690.791088474,177,9.4
290201,2018-05-03 15:35:56.907,4.40021991729736,51.6865730285645,5727107.00476039,596793.514695489,229,9
290201,2018-05-03 17:04:50.020,4.23352813720703,51.5392875671387,5710519.61453731,585547.441010368,197,9.5
290201,2018-05-03 15:39:26.830,4.38998508453369,51.6800842285156,5726371.87089378,596099.777805955,216,9.6
290201,2018-05-03 15:42:47.097,4.38163995742798,51.6727104187012,5725540.88489538,595538.360819136,216,9.7
290201,2018-05-03 15:46:11.067,4.37020015716553,51.6671409606934,5724906.6050478,594758.971922363,236,9.6
290201,2018-05-03 15:49:35.803,4.35735988616943,51.6629219055176,5724420.82454552,593879.735894905,248,9.7
290201,2018-05-03 15:52:59.040,4.34350681304932,51.6600189208984,5724080.26964985,592927.588458281,256,9.7
290201,2018-05-03 17:08:17.160,4.22898006439209,51.5307083129883,5709560.22267244,585248.060942745,197,9.4
290201,2018-05-03 15:56:23.760,4.32903814315796,51.658634185791,5723907.96458892,591929.664136952,260,9.6
290201,2018-05-03 22:00:02.357,4.25265979766846,51.3430328369141,5688717.39472126,587247.389610148,NULL,0
290201,2018-05-03 15:59:47.087,4.31469011306763,51.6573257446289,5723744.49225789,590939.869252498,258,9.6
290201,2018-05-04 12:26:13.280,4.66816329956055,51.8217010498047,5742523.43244635,614970.919477547,39,7.2
290201,2018-05-03 17:11:44.897,4.22456169128418,51.5221481323242,5708603.12271793,584957.522686364,200,9.4
290201,2018-05-03 16:03:11.933,4.30075311660767,51.6547203063965,5723437.48214892,589981.016260759,247,9.6
290201,2018-05-03 17:15:11.697,4.2197585105896,51.5135345458984,5707639.65767291,584640.265160633,194,9.5
290201,2018-05-03 16:06:35.717,4.28737831115723,51.6511459350586,5723023.58586155,589062.841292409,243,9.7
290201,2018-05-03 16:09:59.950,4.27453517913818,51.646800994873,5722524.80511548,588182.797928666,236,9.7
290201,2018-05-03 17:18:38.963,4.21862316131592,51.5045547485352,5706639.72125568,584578.111786744,173,9.6
290201,2018-05-03 17:21:59.997,4.22059154510498,51.4956245422363,5705648.88999404,584731.281929722,171,9.8
290201,2018-05-03 16:13:23.813,4.26221513748169,51.6418571472168,5721960.20065352,587339.927668303,237,9.7
290201,2018-05-03 17:25:20.060,4.22233152389526,51.4865798950195,5704645.0727254,584868.857841269,173,9.8
290201,2018-05-03 16:16:44.767,4.24965143203735,51.6373062133789,5721439.14669958,586479.26123667,242,9.6
290201,2018-05-03 17:28:41.013,4.22396993637085,51.4775886535645,5703647.08131455,584999.32704076,172,9.8
290201,2018-05-03 17:32:11.047,4.22598314285278,51.4684867858887,5702637.22751621,585156.076848512,171,8.7
290201,2018-05-03 16:20:08.737,4.23654985427856,51.6333847045898,5720987.60975495,585580.009917549,244,9.5
290201,2018-05-03 16:23:26.660,4.22301483154297,51.6300239562988,5720598.0946895,584649.557205386,248,10.3
290201,2018-05-03 17:36:38.110,4.22781324386597,51.4595184326172,5701642.01386829,585299.910725093,174,7
290201,2018-05-03 16:26:41.833,4.20995664596558,51.6260375976563,5720139.7247577,583753.121722284,235,9.5
290201,2018-05-03 22:30:03.027,4.25265502929688,51.3430061340332,5688714.4195693,587247.108211415,NULL,0
290201,2018-05-03 16:30:11.897,4.19941663742065,51.6198196411133,5719436.19760334,583034.91721713,215,9.3
290201,2018-05-04 12:48:45.853,4.63961839675903,51.8680458068848,5747632.74306843,612887.704409842,309,8.9
290201,2018-05-03 17:42:47.177,4.22943162918091,51.450553894043,5700646.98245741,585429.074293265,172,4
290201,2018-05-03 16:33:41.913,4.1926064491272,51.6118583679199,5718543.10832546,582577.915336803,198,9.3
290201,2018-05-03 16:37:08.790,4.18998146057129,51.6029472351074,5717549.1395093,582412.297226691,182,9.4
290201,2018-05-03 16:40:35.087,4.19200992584229,51.5940170288086,5716558.30249925,582568.968478011,161,9.5
290201,2018-05-03 16:44:02.917,4.19868183135986,51.5859451293945,5715668.18689089,583045.82535657,144,9.5
290201,2018-05-03 16:47:29.747,4.20765495300293,51.5788879394531,5714893.59168339,583680.43377847,142,9.4
290201,2018-05-03 16:50:59.997,4.21697187423706,51.571907043457,5714127.95588686,584338.917236931,141,9.4
290201,2018-05-03 16:54:26.173,4.22621822357178,51.5649604797363,5713366.14050788,584992.641399457,141,9.5
290201,2018-05-04 13:05:04.903,4.59363317489624,51.8953170776367,5750595.30948687,609655.435282135,304,9.3
290201,2018-05-03 16:57:53.737,4.23328828811646,51.5570983886719,5712500.04769121,585497.413831508,160,9.4
290201,2018-05-03 23:00:04.803,4.2530083656311,51.3429832458496,5688712.2945689,587271.760614315,275,0.2
290201,2018-05-04 02:34:59.870,4.29121828079224,51.3472328186035,5689231.01256113,589924.657697657,NULL,0
290201,2018-05-03 18:12:47.800,4.23020505905151,51.4473342895508,5700289.84327753,585488.828503515,NULL,0
290201,2018-05-04 13:09:51.723,4.57871007919312,51.9027671813965,5751401.46916024,608610.692813403,291,8.8
290201,2018-05-04 13:13:54.757,4.56347179412842,51.9053993225098,5751671.56583076,607556.11726112,280,8.7
290201,2018-05-03 18:20:28.077,4.23205852508545,51.4383392333984,5699291.69889993,585634.447509439,169,10.2
290201,2018-05-03 18:23:40.063,4.23378324508667,51.4293060302734,5698289.16667012,585771.23645423,173,10.1
290201,2018-05-03 23:30:06.503,4.25198650360107,51.3438606262207,5688808.64813591,587198.925470488,NULL,0
290201,2018-05-03 18:26:52.050,4.23561668395996,51.4203681945801,5697297.3719291,585915.450954957,172,10.1
290201,2018-05-04 13:17:57.793,4.54796314239502,51.9051361083984,5751619.49105576,606489.913209863,256,8
290201,2018-05-03 18:30:07.930,4.23730516433716,51.4113121032715,5696292.26121337,586049.854148251,172,10.4
290201,2018-05-04 13:21:57.813,4.53359985351563,51.9018325805664,5751231.18507823,605509.608395792,247,8.8
290201,2018-05-03 18:33:22.057,4.23929500579834,51.4023475646973,5695297.69053385,586205.091363958,171,9.4
290201,2018-05-03 18:36:29.000,4.24162006378174,51.3934669494629,5694312.85308442,586383.543837237,164,10.4
290201,2018-05-04 13:26:30.787,4.51947021484375,51.9041328430176,5751466.61556963,604532.222521713,336,7.8
290201,2018-05-03 18:39:40.863,4.24798154830933,51.3852806091309,5693410.0028199,586841.614551652,145,10.4
290201,2018-05-04 13:30:50.773,4.51518487930298,51.9132919311523,5752479.06948106,604216.223466921,331,8.3
290201,2018-05-03 18:42:52.647,4.2579197883606,51.3787117004395,5692691.32419021,587545.68198839,125,10
290201,2018-05-03 18:46:04.103,4.27099323272705,51.374813079834,5692273.46811224,588463.018494208,105,10.3
290201,2018-05-03 18:49:16.047,4.28540849685669,51.3737487792969,5692172.60167751,589468.380253363,96,10.3
290201,2018-05-04 13:35:08.747,4.50224351882935,51.9183464050293,5753022.73695311,603314.546836979,276,8.2
290201,2018-05-04 03:05:01.320,4.29123687744141,51.3472480773926,5689232.73219981,589925.922912139,NULL,0
290201,2018-05-03 18:52:37.737,4.29891347885132,51.370491027832,5691826.88831788,590414.750462657,147,10
290201,2018-05-03 18:55:55.130,4.30017185211182,51.3614463806152,5690822.63518488,590520.172034562,179,9.5
290201,2018-05-04 13:39:23.060,4.48934650421143,51.9139671325684,5752517.47813672,602437.588733912,220,8.1
290201,2018-05-04 13:43:26.063,4.48066520690918,51.9062538146973,5751647.47945838,601857.970063642,221,8.5
290201,2018-05-03 18:59:46.747,4.30041837692261,51.3524551391602,5689823.07456222,590555.062722502,180,6.7
290201,2018-05-04 13:47:23.113,4.4682731628418,51.9011993408203,5751068.09157381,601016.879616936,250,8.4
290201,2018-05-04 00:00:07.187,4.25206661224365,51.3438262939453,5688804.92545271,587204.569882138,329,0.1
290201,2018-05-04 13:51:35.447,4.45271682739258,51.9004859924316,5750967.28548068,599948.245151563,279,8.3
290201,2018-05-04 13:55:38.447,4.43829822540283,51.902473449707,5751168.61761291,598951.914611385,282,8.2
290201,2018-05-04 14:00:08.107,4.42226505279541,51.902702331543,5751172.39934548,597848.42264843,260,8
290201,2018-05-04 03:35:04.190,4.29124689102173,51.3472518920898,5689233.16868559,589926.612797213,NULL,0
290201,2018-05-04 04:05:06.147,4.29123163223267,51.3472480773926,5689232.72576993,589925.557632332,NULL,0
290201,2018-05-04 00:30:07.447,4.25204992294312,51.3437957763672,5688801.51192103,587203.465459411,245,0.1
290201,2018-05-03 19:29:47.067,4.29436683654785,51.3450393676758,5688990.95597828,590148.229244874,196,1.6
290201,2018-05-05 02:17:32.647,4.38689994812012,51.9044151306152,5751315.93974947,595411.873410573,NULL,0
290201,2018-05-04 04:35:09.313,4.29122352600098,51.3472518920898,5689233.14004339,589924.985641844,NULL,0
290201,2018-05-04 01:00:08.537,4.25787830352783,51.3460807800293,5689062.55884331,587605.032352885,50.1,4.5
290201,2018-05-04 01:07:40.853,4.27233171463013,51.346061706543,5689077.79715067,588611.642078082,95,4.4
290201,2018-05-04 05:05:10.837,4.29123163223267,51.3472785949707,5689236.11945387,589925.497894751,NULL,0
290201,2018-05-05 02:49:09.237,4.38691663742065,51.9044189453125,5751316.38586959,595413.013415346,NULL,0
290201,2018-05-03 19:59:49.857,4.28607654571533,51.3441925048828,5688886.62633042,589572.511127341,NULL,0
290201,2018-05-04 01:34:57.783,4.28669023513794,51.3462448120117,5689115.60107509,589611.248621889,89,0.7
290201,2018-05-04 07:58:29.237,4.23308324813843,51.5368309020996,5710245.89300757,585521.192829371,20,6.6
290201,2018-05-04 05:35:13.993,4.29150819778442,51.3466339111328,5689164.76695139,589946.020311014,143,2
290201,2018-05-04 08:03:17.097,4.23671340942383,51.545581817627,5711223.31669422,585756.504750021,5,7
290201,2018-05-04 05:43:41.807,4.30099487304688,51.3534545898438,5689934.92957893,590593.234348838,2,6.6
290201,2018-05-05 03:19:28.170,4.38688516616821,51.9044342041016,5751318.04159956,595410.816116325,NULL,0
290201,2018-05-04 05:48:28.247,4.30097484588623,51.3625030517578,5690941.13304065,590573.991259696,359,6.8
290201,2018-05-04 02:04:58.123,4.2912335395813,51.347240447998,5689231.87968709,589925.705395766,NULL,0
290201,2018-05-04 05:53:14.780,4.29928827285767,51.371467590332,5691935.94870742,590438.913959258,330,6.5
290201,2018-05-04 08:08:05.257,4.23522520065308,51.5546188354492,5712226.56596011,585636.341884296,347,7.2
290201,2018-05-04 05:58:32.813,4.28546476364136,51.3740653991699,5692207.87996984,589471.679209179,274,6.7
290201,2018-05-04 08:12:47.227,4.22905826568604,51.5629539489746,5713146.30096129,585193.235896497,326,7.2
290201,2018-05-04 06:03:20.770,4.27081680297852,51.3751106262207,5692306.34391211,588450.165709205,283,6.9
290201,2018-05-04 08:17:23.117,4.22029495239258,51.5701522827148,5713936.64841043,584572.4626302,321,7.1
290201,2018-05-04 06:08:02.913,4.25794315338135,51.3792724609375,5692753.71152888,587546.238181304,304,6.9
290201,2018-05-04 14:04:55.033,4.40639495849609,51.900074005127,5750858.88219601,596762.298166417,253,6.9
290201,2018-05-04 06:12:46.477,4.24806690216064,51.3858070373535,5693468.64554773,586846.557192325,325,6.7
290201,2018-05-04 08:22:02.337,4.21093511581421,51.5770797729492,5714696.26581268,583911.044178847,321,7
290201,2018-05-04 06:17:41.540,4.2422399520874,51.394100189209,5694384.00346148,586425.476695478,347,6.7
290201,2018-05-04 08:26:41.217,4.20169162750244,51.5840911865234,5715465.43386956,583257.728646303,321,7
290201,2018-05-05 03:51:22.763,4.38688993453979,51.904426574707,5751317.19935951,595411.160307895,NULL,0
290201,2018-05-04 08:31:20.967,4.19402503967285,51.5918083190918,5716314.95056499,582712.559981249,337,7
290201,2018-05-04 14:12:48.633,4.39335489273071,51.9043312072754,5751315.08668221,595856.099634103,296,5
290201,2018-05-04 06:22:25.387,4.23979663848877,51.4029922485352,5695369.97312217,586238.770998601,352,6.8
290201,2018-05-04 06:27:04.450,4.23798322677612,51.4119720458984,5696366.44703348,586095.769516209,353,7
290201,2018-05-04 08:35:56.063,4.1906418800354,51.6005783081055,5717286.43636497,582462.32429274,356,7.2
290201,2018-05-04 08:40:29.033,4.19234848022461,51.6095352172852,5718284.45942456,582564.268539148,14,7.1
290201,2018-05-04 06:31:47.607,4.2361216545105,51.4209480285645,5697362.44513166,585949.473900561,353,6.7
290201,2018-05-04 08:45:02.097,4.19794988632202,51.6178588867188,5719216.4765129,582936.952692795,29,7.1
290201,2018-05-04 06:36:32.563,4.23437356948853,51.4299011230469,5698356.03588411,585811.158870474,351.8,6.9
290201,2018-05-04 08:49:38.990,4.20749998092651,51.624683380127,5719986.30933744,583585.565909406,52,7.2
290201,2018-05-05 04:21:58.367,4.38701152801514,51.9044990539551,5751325.41939515,595419.371352796,NULL,0
290201,2018-05-04 14:42:51.600,4.38687658309937,51.904426574707,5751317.18185973,595410.24183758,NULL,0
290201,2018-05-04 06:41:07.410,4.2331018447876,51.4388580322266,5699350.61264892,585705.990086616,355,6.8
290201,2018-05-04 08:54:14.023,4.22037649154663,51.6289405822754,5720474.55952263,584468.966124672,67,7.1
290201,2018-05-04 08:58:47.197,4.23377656936646,51.6325263977051,5720888.91291254,585389.693061715,66,7.3
290201,2018-05-04 09:03:14.480,4.24714660644531,51.6361465454102,5721307.21833516,586308.128239178,66,7.5
290201,2018-05-04 09:07:36.513,4.2604284286499,51.6398124694824,5721730.67787621,587220.222636699,65,7.5
290201,2018-05-04 06:49:16.617,4.23125982284546,51.4478073120117,5700343.67792953,585561.238976077,353,1.8
290201,2018-05-04 09:11:56.343,4.27351522445679,51.643627166748,5722170.61360788,588118.384909484,64,7.4
290201,2018-05-05 04:53:27.833,4.38701152801514,51.9044952392578,5751324.99515016,595419.379436769,NULL,0
290201,2018-05-04 09:16:20.140,4.28635168075562,51.6478004455566,5722650.28359686,588998.371865817,61,7.4
290201,2018-05-04 15:13:38.580,4.38688659667969,51.904426574707,5751317.19498455,595410.930690316,NULL,0
290201,2018-05-04 09:20:47.970,4.29942321777344,51.651798248291,5723110.88355512,589894.803638687,72,7.3
290201,2018-05-04 09:25:14.127,4.31327152252197,51.6545219421387,5723430.91726378,590847.352662124,77,7.4
290201,2018-05-04 09:29:42.507,4.32755851745605,51.6565017700195,5723668.95849661,591831.632895356,79,7.4
290201,2018-05-04 09:34:08.350,4.34181356430054,51.6582870483398,5723885.51623911,592814.013268054,77,7.4
290201,2018-05-04 07:15:39.390,4.22923851013184,51.4567680358887,5701337.81178905,585404.058242648,352,6.6
290201,2018-05-04 09:38:38.337,4.35617017745972,51.6604385375977,5724143.12246711,593802.583303893,70,7.4
290201,2018-05-04 07:20:23.157,4.22763156890869,51.4657783508301,5702337.94859679,585275.620699304,354,6.7
290201,2018-05-04 15:43:47.327,4.38688993453979,51.9044303894043,5751317.62360451,595411.152224639,NULL,0
290201,2018-05-04 09:43:17.277,4.36949825286865,51.6647262573242,5724637.15733805,594715.468228025,59,7.3
290201,2018-05-05 05:31:17.363,4.38702344894409,51.9044952392578,5751325.01077647,595420.199498288,NULL,0
290201,2018-05-04 09:47:56.090,4.38077688217163,51.6710433959961,5725354.36787132,595482.188557813,35,7.6
290201,2018-05-04 07:24:56.427,4.22580003738403,51.4747085571289,5703328.91982359,585131.776894068,351,7.3
290201,2018-05-04 09:52:20.297,4.38940477371216,51.6789016723633,5726239.59614936,596062.161027913,35,7.9
290201,2018-05-04 09:57:00.000,4.39911508560181,51.6858100891113,5727020.69471221,596718.770057284,47,6
290201,2018-05-04 07:29:44.147,4.22413349151611,51.483715057373,5704328.57195188,584999.294439678,353,6.3
290201,2018-05-04 07:34:26.243,4.22238349914551,51.4926872253418,5705324.31373245,584861.126327947,352,6.9
290201,2018-05-04 07:39:08.367,4.22019004821777,51.5016326904297,5706316.57744164,584692.274320958,349,6.9
290201,2018-05-04 07:43:54.527,4.21971654891968,51.5106582641602,5707319.7438817,584642.68422435,3,6.8
290201,2018-05-04 07:48:38.187,4.22325992584229,51.519401550293,5708296.17027839,584872.31777884,19,6.9
290201,2018-05-04 07:53:26.953,4.22803020477295,51.5279006958008,5709246.88658407,585187.416520121,18,6.8
290201,2018-05-05 06:01:30.530,4.38699340820313,51.9044799804688,5751323.27441844,595418.165278723,NULL,0
290201,2018-05-04 10:22:35.087,4.41087007522583,51.6922187805176,5727749.03709685,597517.564080242,48,4.7
290201,2018-05-04 16:15:02.573,4.38688850402832,51.9044418334961,5751318.89446451,595411.029567366,NULL,0
290201,2018-05-04 10:27:29.997,4.42290163040161,51.6972465515137,5728324.31089814,598338.232125428,60,7.5
290201,2018-05-04 10:32:05.983,4.43757009506226,51.6993064880371,5728573.25612457,599347.424759885,95,7.5
290201,2018-05-04 10:36:29.500,4.45193004608154,51.6976127624512,5728404.53980977,600343.508332927,108,7.5
290201,2018-05-04 10:40:57.517,4.46591520309448,51.6950798034668,5728142.16913669,601315.636890958,101.5,7.3
290201,2018-05-04 16:45:06.193,4.38690185546875,51.9044342041016,5751318.06347445,595411.964204023,179,0.1
290201,2018-05-05 08:15:25.147,4.38702011108398,51.9044876098633,5751324.1579111,595419.986049108,106,0.1
290201,2018-05-04 10:45:41.207,4.4811635017395,51.6935882568359,5727997.56902933,602372.823396654,94,7.3
290201,2018-05-05 06:33:33.357,4.38701343536377,51.9044952392578,5751324.99765036,595419.510646612,NULL,0
290201,2018-05-04 10:50:11.410,4.49585676193237,51.6928939819336,5727941.06666774,603389.89911979,93,7.4
290201,2018-05-04 17:15:28.597,4.38688325881958,51.9044342041016,5751318.03909959,595410.684906302,NULL,0
290201,2018-05-04 10:55:41.227,4.5103235244751,51.6927375793457,5727944.26086146,604390.112443701,83,4.6
290201,2018-05-04 11:02:23.463,4.52467489242554,51.6942939758301,5728137.96357719,605378.377346607,77,5.3
290201,2018-05-05 08:45:52.867,4.38710689544678,51.9043769836426,5751311.9685698,595426.19054909,NULL,0
290201,2018-05-04 17:50:03.110,4.38689184188843,51.9044342041016,5751318.05034949,595411.275351404,NULL,0
290201,2018-05-05 07:05:02.470,4.38700675964355,51.9044952392578,5751324.98889967,595419.051412161,NULL,0
290201,2018-05-04 11:08:40.760,4.53913831710815,51.6964073181152,5728393.96086321,606373.010739703,73,5.3
290201,2018-05-04 11:14:54.450,4.5548415184021,51.6994400024414,5728754.21774714,607451.046052176,72,7.1
290201,2018-05-05 09:17:29.003,4.38710832595825,51.9043807983398,5751312.39469006,595426.280872205,15,0.1
290201,2018-05-04 11:19:21.470,4.56859016418457,51.7025260925293,5729117.74196354,608393.749070475,69,7.5
290201,2018-05-04 18:22:00.183,4.38689661026001,51.904426574707,5751317.20810947,595411.619543053,NULL,0
290201,2018-05-04 11:23:54.360,4.58280849456787,51.7057075500488,5729492.75356716,609368.543310671,70,7.5
290201,2018-05-04 19:54:08.737,4.38690519332886,51.9044380187988,5751318.49209446,595412.185738217,NULL,0
290201,2018-05-05 07:35:40.740,4.38699340820313,51.9045066833496,5751326.24413342,595418.108691653,NULL,0
290201,2018-05-04 20:31:24.280,4.38690185546875,51.9044303894043,5751317.63922946,595411.97228735,NULL,0
290201,2018-05-05 09:49:08.047,4.38708829879761,51.9043922424316,5751313.64117126,595424.878912136,NULL,0
290201,2018-05-04 18:52:19.463,4.38690328598022,51.9044189453125,5751316.36836947,595412.094944877,NULL,0
290201,2018-05-04 21:02:04.903,4.38689517974854,51.9044303894043,5751317.63047947,595411.513052232,NULL,0
290201,2018-05-04 21:32:17.873,4.38688850402832,51.9044342041016,5751318.04597452,595411.045733865,NULL,0
290201,2018-05-05 10:20:22.010,4.38711977005005,51.9043884277344,5751313.25818234,595427.051964075,NULL,0
290201,2018-05-04 19:22:29.490,4.38690185546875,51.9044189453125,5751316.36649447,595411.996537327,36,0.1
290201,2018-05-04 22:00:32.560,4.38689184188843,51.904426574707,5751317.20185949,595411.29151794,NULL,0
290201,2018-05-05 20:04:51.603,4.38711357116699,51.9043731689453,5751311.55307614,595426.657869297,NULL,0
